{
    "replace": false,
    "values": [
        "minecraft:desert",
        "minecraft:mangrove_swamp",
        {"id": "terralith:cave/andesite_caves", "required": false},
        {"id": "terralith:cave/diorite_caves", "required": false},
        {"id": "terralith:cave/granite_caves", "required": false},
        {"id": "regions_unexplored:willow_forest", "required": false},
        {"id": "regions_unexplored:old_growth_bayou", "required": false},
        {"id": "regions_unexplored:bayou", "required": false},
        {"id": "regions_unexplored:fen", "required": false},
        {"id": "regions_unexplored:fungal_fen", "required": false},
        {"id": "regions_unexplored:marsh", "required": false},
        {"id": "regions_unexplored:willow_forest", "required": false},
        {"id": "clifftree:caves", "required": false}
    ]
}