{
	"pools": [
	  {
		"rolls": {
		  "min": 4,
		  "max": 6
		},
		"entries": [
		  {
			"type": "minecraft:loot_table",
			"value": "hopo:chests/mineshaft/abandoned_miners_stuff",
			"weight": 15
		  },
		  {
			"type": "minecraft:item",
			"name": "minecraft:small_amethyst_bud",
			"weight": 17,
			"functions": [
			  {
				"function": "minecraft:set_count",
				"count": {
				  "min": 1,
				  "max": 5
				},
				"add": false
			  }
			]
		  },
		  {
			"type": "minecraft:item",
			"name": "minecraft:medium_amethyst_bud",
			"weight": 17,
			"functions": [
			  {
				"function": "minecraft:set_count",
				"count": {
				  "min": 1,
				  "max": 5
				},
				"add": false
			  }
			]
		  },
		  {
			"type": "minecraft:item",
			"name": "minecraft:large_amethyst_bud",
			"weight": 17,
			"functions": [
			  {
				"function": "minecraft:set_count",
				"count": {
				  "min": 1,
				  "max": 5
				},
				"add": false
			  }
			]
		  },
		  {
			"type": "minecraft:item",
			"name": "minecraft:amethyst_block",
			"weight": 10,
			"functions": [
			  {
				"function": "minecraft:set_count",
				"count": {
				  "min": 1,
				  "max": 5
				},
				"add": false
			  }
			]
		  },
		  {
			"type": "minecraft:item",
			"name": "minecraft:amethyst_shard",
			"weight": 7,
			"functions": [
			  {
				"function": "minecraft:set_count",
				"count": {
				  "min": 0,
				  "max": 3
				},
				"add": false
			  }
			]
		  }
		]
	  }
	],
	"random_sequence": "hopo:chests/mineshaft/base/amethyst"
  }