{
	"pools": [
	  {
		"rolls": {
		  "min": 5,
		  "max": 6
		},
		"entries": [
		  {
			"type": "minecraft:loot_table",
			"value": "hopo:chests/mineshaft/abandoned_miners_stuff",
			"weight": 11
		  },
		  {
			"type": "minecraft:item",
			"name": "minecraft:target",
			"weight": 2,
			"functions": [
			  {
				"function": "minecraft:set_count",
				"count": {
				  "min": 0,
				  "max": 1
				},
				"add": false
			  }
			]
		  },
		  {
			"type": "minecraft:item",
			"name": "minecraft:spectral_arrow",
			"weight": 15,
			"functions": [
			  {
				"function": "minecraft:set_count",
				"count": {
				  "min": 1,
				  "max": 5
				},
				"add": false
			  }
			]
		  },
		  {
			"type": "minecraft:item",
			"name": "minecraft:arrow",
			"weight": 17,
			"functions": [
			  {
				"function": "minecraft:set_count",
				"count": {
				  "min": 1,
				  "max": 10
				},
				"add": false
			  }
			]
		  },
		  {
			"type": "minecraft:item",
			"name": "minecraft:bow",
			"weight": 10,
			"functions": [
			  {
				"function": "minecraft:set_damage",
				"damage": {
				  "min": 0.05,
				  "max": 0.4
				},
				"add": false
			  }
			]
		  },
		  {
			"type": "minecraft:item",
			"name": "minecraft:bow",
			"weight": 5,
			"functions": [
			  {
				"function": "minecraft:set_damage",
				"damage": {
				  "min": 0.05,
				  "max": 0.4
				},
				"add": false
			  },
			  {
				"function": "minecraft:enchant_randomly",
				"options": "#minecraft:on_random_loot"
			  }
			]
		  },
		  {
			"type": "minecraft:item",
			"name": "minecraft:crossbow",
			"weight": 10,
			"functions": [
			  {
				"function": "minecraft:set_damage",
				"damage": {
				  "min": 0.05,
				  "max": 0.4
				},
				"add": false
			  },
			  {
				"function": "minecraft:enchant_randomly",
				"options": "#minecraft:on_random_loot"
			  }
			]
		  },
		  {
			"type": "minecraft:item",
			"name": "minecraft:flint",
			"weight": 5,
			"functions": [
			  {
				"function": "minecraft:set_count",
				"count": {
				  "min": 1,
				  "max": 5
				},
				"add": false
			  }
			]
		  },
		  {
			"type": "minecraft:item",
			"name": "minecraft:stick",
			"weight": 5,
			"functions": [
			  {
				"function": "minecraft:set_count",
				"count": {
				  "min": 1,
				  "max": 5
				},
				"add": false
			  }
			]
		  }
		]
	  }
	],
	"random_sequence": "hopo:chests/mineshaft/base/archer"
  }