{
	"pools": [
	  {
		"rolls": {
		  "min": 4,
		  "max": 6
		},
		"entries": [
		  {
			"type": "minecraft:loot_table",
			"value": "hopo:chests/mineshaft/abandoned_miners_stuff",
			"weight": 15
		  },
		  {
			"type": "minecraft:item",
			"name": "minecraft:bundle",
			"weight": 9
		  },
		  {
			"type": "minecraft:item",
			"name": "minecraft:candle",
			"weight": 12,
			"functions": [
			  {
				"function": "minecraft:set_count",
				"count": {
				  "min": 1,
				  "max": 5
				},
				"add": false
			  }
			]
		  },
		  {
			"type": "minecraft:item",
			"name": "minecraft:map",
			"weight": 11
		  },
		  {
			"type": "minecraft:item",
			"name": "minecraft:compass",
			"weight": 9
		  },
		  {
			"type": "minecraft:item",
			"name": "minecraft:name_tag",
			"weight": 11
		  },
		  {
			"type": "minecraft:item",
			"name": "minecraft:clock",
			"weight": 9
		  },
		  {
			"type": "minecraft:item",
			"name": "minecraft:lead",
			"weight": 10,
			"functions": [
			  {
				"function": "minecraft:set_count",
				"count": {
				  "min": 0,
				  "max": 2
				},
				"add": false
			  }
			]
		  }
		]
	  }
	],
	"random_sequence": "hopo:chests/mineshaft/base/bedroom"
  }