{
    "pools": [
        {
            "rolls": {
                "min": 5,
                "max": 6
            },
            "entries": [
                {
                    "type": "minecraft:loot_table",
                    "value": "hopo:chests/mineshaft/abandoned_miners_stuff",
                    "weight": 12
                },
                {
                    "type": "minecraft:item",
                    "name": "minecraft:raw_copper_block",
                    "weight": 3,
                    "functions": [
                        {
                            "function": "minecraft:set_count",
                            "count": {
                                "min": 0,
                                "max": 1
                            },
                            "add": false
                        }
                    ]
                },
                {
                    "type": "minecraft:item",
                    "name": "minecraft:copper_ore",
                    "weight": 15,
                    "functions": [
                        {
                            "function": "minecraft:set_count",
                            "count": {
                                "min": 1,
                                "max": 6
                            },
                            "add": false
                        }
                    ]
                },
                {
                    "type": "minecraft:item",
                    "name": "minecraft:raw_copper",
                    "weight": 17,
                    "functions": [
                        {
                            "function": "minecraft:set_count",
                            "count": {
                                "min": 0,
                                "max": 9
                            },
                            "add": false
                        }
                    ]
                }
            ]
        }
    ],
    "random_sequence": "hopo:chests/mineshaft/base/copper"
}