{
    "name": "hopo:spruce_mineshaft",
    "fallback": "minecraft:empty",
    "elements": [
        {
            "weight": 80,
            "element": {
                "element_type": "minecraft:single_pool_element",
                "location": "hopo:mineshaft/spruce/path",
                "projection": "rigid",
                "processors": "hopo:spruce/degraded"
            }
        },
        {
            "weight": 94,
            "element": {
                "element_type": "minecraft:single_pool_element",
                "location": "hopo:mineshaft/spruce/path_alt",
                "projection": "rigid",
                "processors": "hopo:spruce/degraded"
            }
        },
        {
            "weight": 94,
            "element": {
                "element_type": "minecraft:single_pool_element",
                "location": "hopo:mineshaft/spruce/path_small_1",
                "projection": "rigid",
                "processors": "hopo:spruce/degraded"
            }
        },
        {
            "weight": 94,
            "element": {
                "element_type": "minecraft:single_pool_element",
                "location": "hopo:mineshaft/spruce/path_small_2",
                "projection": "rigid",
                "processors": "hopo:spruce/degraded"
            }
        },
        {
            "weight": 94,
            "element": {
                "element_type": "minecraft:single_pool_element",
                "location": "hopo:mineshaft/spruce/path_small_3",
                "projection": "rigid",
                "processors": "hopo:spruce/degraded"
            }
        },
        {
            "weight": 94,
            "element": {
                "element_type": "minecraft:single_pool_element",
                "location": "hopo:mineshaft/spruce/path_small_4",
                "projection": "rigid",
                "processors": "hopo:spruce/degraded"
            }
        },
        {
            "weight": 94,
            "element": {
                "element_type": "minecraft:single_pool_element",
                "location": "hopo:mineshaft/spruce/path_small_5",
                "projection": "rigid",
                "processors": "hopo:spruce/degraded"
            }
        },
        {
            "weight": 94,
            "element": {
                "element_type": "minecraft:single_pool_element",
                "location": "hopo:mineshaft/spruce/path_small_6",
                "projection": "rigid",
                "processors": "hopo:spruce/degraded"
            }
        },
        {
            "weight": 94,
            "element": {
                "element_type": "minecraft:single_pool_element",
                "location": "hopo:mineshaft/spruce/path_small_7",
                "projection": "rigid",
                "processors": "hopo:spruce/degraded"
            }
        },
        {
            "weight": 94,
            "element": {
                "element_type": "minecraft:single_pool_element",
                "location": "hopo:mineshaft/spruce/path_small_8",
                "projection": "rigid",
                "processors": "hopo:spruce/degraded"
            }
        },
        {
            "weight": 94,
            "element": {
                "element_type": "minecraft:single_pool_element",
                "location": "hopo:mineshaft/spruce/path_small_9",
                "projection": "rigid",
                "processors": "hopo:spruce/degraded"
            }
        },
        {
            "weight": 94,
            "element": {
                "element_type": "minecraft:single_pool_element",
                "location": "hopo:mineshaft/spruce/path_1",
                "projection": "rigid",
                "processors": "hopo:spruce/degraded"
            }
        },
        {
            "weight": 94,
            "element": {
                "element_type": "minecraft:single_pool_element",
                "location": "hopo:mineshaft/spruce/path_1_alt",
                "projection": "rigid",
                "processors": "hopo:spruce/degraded"
            }
        },
        {
            "weight": 90,
            "element": {
                "element_type": "minecraft:single_pool_element",
                "location": "hopo:mineshaft/spruce/pathlong_1",
                "projection": "rigid",
                "processors": "hopo:spruce/degraded"
            }
        },
        {
            "weight": 90,
            "element": {
                "element_type": "minecraft:single_pool_element",
                "location": "hopo:mineshaft/spruce/pathlong_2",
                "projection": "rigid",
                "processors": "hopo:spruce/degraded"
            }
        },
        {
            "weight": 100,
            "element": {
                "element_type": "minecraft:single_pool_element",
                "location": "hopo:mineshaft/spruce/pathlong_3",
                "projection": "rigid",
                "processors": "hopo:spruce/degraded"
            }
        },
        {
            "weight": 88,
            "element": {
                "element_type": "minecraft:single_pool_element",
                "location": "hopo:mineshaft/spruce/pathlong_4",
                "projection": "rigid",
                "processors": "hopo:spruce/degraded"
            }
        },
        {
            "weight": 75,
            "element": {
                "element_type": "minecraft:single_pool_element",
                "location": "hopo:mineshaft/spruce/pathlong_5",
                "projection": "rigid",
                "processors": "hopo:spruce/degraded"
            }
        },
        {
            "weight": 90,
            "element": {
                "element_type": "minecraft:single_pool_element",
                "location": "hopo:mineshaft/spruce/pathlong_6",
                "projection": "rigid",
                "processors": "hopo:spruce/minecart_degraded"
            }
        },
        {
            "weight": 15,
            "element": {
                "element_type": "minecraft:single_pool_element",
                "location": "hopo:mineshaft/spruce/trap/trap_1",
                "projection": "rigid",
                "processors": "hopo:spruce/degraded"
            }
        },
        {
            "weight": 15,
            "element": {
                "element_type": "minecraft:single_pool_element",
                "location": "hopo:mineshaft/spruce/trap/trap_2",
                "projection": "rigid",
                "processors": "hopo:spruce/degraded"
            }
        },
        {
            "weight": 15,
            "element": {
                "element_type": "minecraft:single_pool_element",
                "location": "hopo:mineshaft/spruce/trap/trap_3",
                "projection": "rigid",
                "processors": "hopo:spruce/degraded"
            }
        },
        {
            "weight": 15,
            "element": {
                "element_type": "minecraft:single_pool_element",
                "location": "hopo:mineshaft/spruce/trap/trap_4",
                "projection": "rigid",
                "processors": "hopo:spruce/degraded"
            }
        },
        {
            "weight": 15,
            "element": {
                "element_type": "minecraft:single_pool_element",
                "location": "hopo:mineshaft/spruce/trap/trap_5",
                "projection": "rigid",
                "processors": "hopo:spruce/degraded"
            }
        },
        {
            "weight": 75,
            "element": {
                "element_type": "minecraft:single_pool_element",
                "location": "hopo:mineshaft/spruce/entrance",
                "projection": "rigid",
                "processors": "hopo:spruce/degraded"
            }
        },
        {
            "weight": 50,
            "element": {
                "element_type": "minecraft:single_pool_element",
                "location": "hopo:mineshaft/spruce/entrance_alt",
                "projection": "rigid",
                "processors": "hopo:spruce/degraded"
            }
        },
        {
            "weight": 45,
            "element": {
                "element_type": "minecraft:single_pool_element",
                "location": "hopo:mineshaft/spruce/entrance_1",
                "projection": "rigid",
                "processors": "hopo:spruce/degradedentrance"
            }
        },
        {
            "weight": 80,
            "element": {
                "element_type": "minecraft:single_pool_element",
                "location": "hopo:mineshaft/spruce/entrance_1_alt",
                "projection": "rigid",
                "processors": "hopo:spruce/degraded"
            }
        },
        {
            "weight": 90,
            "element": {
                "element_type": "minecraft:single_pool_element",
                "location": "hopo:mineshaft/spruce/turn",
                "projection": "rigid",
                "processors": "hopo:spruce/degradeddown"
            }
        },
        {
            "weight": 90,
            "element": {
                "element_type": "minecraft:single_pool_element",
                "location": "hopo:mineshaft/spruce/turn_1",
                "projection": "rigid",
                "processors": "hopo:spruce/degradeddown"
            }
        },
        {
            "weight": 90,
            "element": {
                "element_type": "minecraft:single_pool_element",
                "location": "hopo:mineshaft/spruce/turn_2",
                "projection": "rigid",
                "processors": "hopo:spruce/degradeddown"
            }
        },
        {
            "weight": 25,
            "element": {
                "element_type": "minecraft:single_pool_element",
                "location": "hopo:mineshaft/spruce/down_1",
                "projection": "rigid",
                "processors": "hopo:spruce/degraded"
            }
        },
        {
            "weight": 25,
            "element": {
                "element_type": "minecraft:single_pool_element",
                "location": "hopo:mineshaft/spruce/down_2",
                "projection": "rigid",
                "processors": "hopo:spruce/degradeddown"
            }
        },
        {
            "weight": 25,
            "element": {
                "element_type": "minecraft:single_pool_element",
                "location": "hopo:mineshaft/spruce/down_3",
                "projection": "rigid",
                "processors": "hopo:spruce/degradeddown"
            }
        },
        {
            "weight": 20,
            "element": {
                "element_type": "minecraft:single_pool_element",
                "location": "hopo:mineshaft/spruce/down_4",
                "projection": "rigid",
                "processors": "hopo:spruce/degradeddown"
            }
        },
        {
            "weight": 30,
            "element": {
                "element_type": "minecraft:single_pool_element",
                "location": "hopo:mineshaft/spruce/down_5",
                "projection": "rigid",
                "processors": "hopo:spruce/degradeddown"
            }
        }
    ]
}