{
	"type": "minecraft:block_column",
	"config": {
	  "allowed_placement": {
		"type": "minecraft:matching_block_tag",
		"offset": [
		  0,
		  1,
		  0
		],
		"tag": "hopo:pillar_gen_position"
	  },
	  "prioritize_tip": true,
	  "direction": "down",
	  "layers": [
		{
		  "height": 100,
		  "provider": {
			"type": "minecraft:weighted_state_provider",
			"entries": [
			  {
				"weight": 7,
				"data": {
				  "Name": "minecraft:polished_deepslate"
				}
			  },
			  {
				"weight": 1,
				"data": {
				  "Name": "minecraft:deepslate_bricks"
				}
			  }
			]
		  }
		}
	  ]
	}
  }