{
	"type": "minecraft:jigsaw",
	"biomes": "#zhopo:has_structure/dripstone_mineshaft",
	"step": "underground_structures",
	"spawn_overrides": {},
	"terrain_adaptation": "none",
	"start_pool": "hopo:deepslate_mineshaft",
	"size": 1,
    "start_height": {
		"type": "minecraft:uniform",
		"min_inclusive": {
		  "absolute": -122
		},
		"max_inclusive": {
		  "absolute": -111
		}
	  },
	"project_start_to_heightmap": "WORLD_SURFACE_WG",
	"max_distance_from_center": 30,
	"use_expansion_hack": true,
	"liquid_settings": "ignore_waterlogging"
}
